{"name": "User", "children": [{"name": 2, "children": [{"name": "sql", "size": 3}, {"name": "card", "size": 2}, {"name": "css", "size": 2}, {"name": "code", "size": 2}, {"name": "table", "size": 1}, {"name": "select", "size": 1}, {"name": "from", "size": 1}, {"name": "where", "size": 1}, {"name": "group", "size": 1}, {"name": "syntax", "size": 1}]}, {"name": "3", "children": [{"name": "sql", "size": 3}, {"name": "card", "size": 2}, {"name": "css", "size": 2}, {"name": "code", "size": 2}, {"name": "table", "size": 1}, {"name": "select", "size": 1}, {"name": "from", "size": 1}, {"name": "where", "size": 1}, {"name": "group", "size": 1}, {"name": "syntax", "size": 1}]}, {"name": "4", "children": [{"name": "sql", "size": 3}, {"name": "card", "size": 2}, {"name": "css", "size": 2}, {"name": "code", "size": 2}, {"name": "table", "size": 1}, {"name": "select", "size": 1}, {"name": "from", "size": 1}, {"name": "where", "size": 1}, {"name": "group", "size": 1}, {"name": "syntax", "size": 1}]}]}